BR700NG KH89022 228062,BR700NG,"['KH89022', '228062']",eCon 211143178,2019-04-09,https://rr.fpk.exostar.com/customers/rollsroyce_econ2/econ/low/Export_Control_Folder_LOW/211143178,147080430,147190716,backlog,normal,1,Structures Cold End
BR700NG LC025-0065-0340 241885,BR700NG,"['LC025-0065-0340', '241885']",eCon 211143351,2019-04-09,https://rr.fpk.exostar.com/customers/rollsroyce_econ2/econ/med/Export_Control_Folder_MED/211143351,147105908,147190683,backlog,normal,10,IGB
BR700NG KH29489 Lot 0049MY 200210,BR700NG,"['KH29489', 'Lot', '0049MY', '200210']",+eCon 211143403_ Aero Comp+,2019-04-09,https://rr.fpk.exostar.com/customers/rollsroyce_econ2/econ/low/Export_Control_Folder_LOW/211143403,147126008,147190735,backlog,normal,7,Child Card (for parallel assessment)
RB3043 DKH77849,RB3043,['DKH77849'],eCon 211138342,2019-03-20,https://rr.fpk.exostar.com/customers/rollsroyce_econ2/econ/low/Export_Control_Folder_LOW/211138342,146325644,147190738,backlog,normal,1,AGB
BR700NG KH89022 228062,BR700NG,"['KH89022', '228062']",eCon 211143178,2019-04-09,https://rr.fpk.exostar.com/customers/rollsroyce_econ2/econ/low/Export_Control_Folder_LOW/211143178,147080430,147190716,backlog,normal,1,Structures Cold End
BR700NG LC025-0065-0340 241885,BR700NG,"['LC025-0065-0340', '241885']",eCon 211143351,2019-04-09,https://rr.fpk.exostar.com/customers/rollsroyce_econ2/econ/med/Export_Control_Folder_MED/211143351,147105908,147190683,backlog,normal,10,IGB
BR700NG KH29489 Lot 0049MY 200210,BR700NG,"['KH29489', 'Lot', '0049MY', '200210']",+eCon 211143403_ Aero Comp+,2019-04-09,https://rr.fpk.exostar.com/customers/rollsroyce_econ2/econ/low/Export_Control_Folder_LOW/211143403,147126008,147190735,backlog,normal,7,Child Card (for parallel assessment)
RB3043 DKH77849,RB3043,['DKH77849'],eCon 211138342,2019-03-20,https://rr.fpk.exostar.com/customers/rollsroyce_econ2/econ/low/Export_Control_Folder_LOW/211138342,146325644,147190738,backlog,normal,1,AGB
BR700NG KH89022 228062,BR700NG,"['KH89022', '228062']",eCon 211143178,2019-04-09,https://rr.fpk.exostar.com/customers/rollsroyce_econ2/econ/low/Export_Control_Folder_LOW/211143178,147080430,147190716,backlog,normal,1,Structures Cold End
BR700NG LC025-0065-0340 241885,BR700NG,"['LC025-0065-0340', '241885']",eCon 211143351,2019-04-09,https://rr.fpk.exostar.com/customers/rollsroyce_econ2/econ/med/Export_Control_Folder_MED/211143351,147105908,147190683,backlog,normal,10,IGB
BR700NG KH29489 Lot 0049MY 200210,BR700NG,"['KH29489', 'Lot', '0049MY', '200210']",+eCon 211143403_ Aero Comp+,2019-04-09,https://rr.fpk.exostar.com/customers/rollsroyce_econ2/econ/low/Export_Control_Folder_LOW/211143403,147126008,147190735,backlog,normal,7,Child Card (for parallel assessment)
BR700NG KH87314 - RBSS Assy. - 204091,BR700NG,"['KH87314', '-', 'RBSS', 'Assy.', '-', '204091']",eCon 211146366,2019-04-22,https://rr.fpk.exostar.com/customers/rollsroyce_econ2/econ/low/Export_Control_Folder_LOW/211146366,147643252,147190715,backlog,normal,2,Structures Hot End
BR700NG KH29489 Lot 0049MY 200210,BR700NG,"['KH29489', 'Lot', '0049MY', '200210']",+eCon 211143403_Nacelle Aero+,2019-04-09,https://rr.fpk.exostar.com/customers/rollsroyce_econ2/econ/low/Export_Control_Folder_LOW/211143403,147125258,147190735,backlog,normal,7,Child Card (for parallel assessment)
RB3043 KH68660 242913,RB3043,"['KH68660', '242913']",eDP 211146284,2019-04-19,https://rr.fpk.exostar.com/customers/rollsroyce_econ2/econ/low/Export_Control_Folder_LOW/211146284,147616341,147190716,backlog,normal,1,Structures Cold End
RB3043 KH94827 200210 ESN:  434b2 LD: 18/04 ,RB3043,"['KH94827', '200210', 'ESN:', '', '434b2', 'LD:', '18/04', '']",eCon 211146569,2019-04-18,https://rr.fpk.exostar.com/customers/rollsroyce_econ2/econ/low/Export_Control_Folder_LOW/211146569,147676515,147190715,backlog,critical,1,Structures Hot End
BR700NG KH29489 Lot0064MY 200210 M-S-Aero-Comp-Perf-D-NCA,BR700NG,"['KH29489', 'Lot0064MY', '200210', 'M-S-Aero-Comp-Perf-D-NCA']",+eCon 211144385_Nacelle+,2019-04-12,https://rr.fpk.exostar.com/customers/rollsroyce_econ2/econ/low/Export_Control_Folder_LOW/211144385,147352431,147190735,backlog,normal,8,Child Card (for parallel assessment)
RB3043 BNE6000-10-0 204577,RB3043,"['BNE6000-10-0', '204577']",eCon 211145408,2019-04-17,https://rr.fpk.exostar.com/customers/rollsroyce_econ2/econ/low/Export_Control_Folder_LOW/211145408,147460340,147203496,backlog,normal,1,Nacelles
RB3043 KH95061 200009,RB3043,"['KH95061', '200009']",eCon 211146790,2019-04-23,https://rr.fpk.exostar.com/customers/rollsroyce_econ2/econ/low/Export_Control_Folder_LOW/Forms/AllItems.aspx?RootFolder=%2Fcustomers%2Frollsroyce%5Fecon2%2Fecon%2Flow%2FExport%5FControl%5FFolder%5FLOW%2F211146790&FolderCTID=0x0120001DB6D407C17AF54FB5AEF28,147713513,147211572,backlog,normal,1,Bypass Duct
RB3043 BNE6000-10-0 204577,RB3043,"['BNE6000-10-0', '204577']",eCon 211145442,2019-04-17,https://rr.fpk.exostar.com/customers/rollsroyce_econ2/econ/low/Export_Control_Folder_LOW/211145442,147460387,147203496,backlog,normal,1,Nacelles
RB3043 BNE6000-10-0 204577,RB3043,"['BNE6000-10-0', '204577']",eCon 211145452,2019-04-17,https://rr.fpk.exostar.com/customers/rollsroyce_econ2/econ/low/Export_Control_Folder_LOW/211145452,147460390,147203496,backlog,normal,1,Nacelles
RB3043 BNE6000-10-0 204577,RB3043,"['BNE6000-10-0', '204577']",eCon 211145447,2019-04-17,https://rr.fpk.exostar.com/customers/rollsroyce_econ2/econ/low/Export_Control_Folder_LOW/211145447,147463700,147203496,backlog,normal,1,Nacelles
RB3043 BNE6000-10-0 204577,RB3043,"['BNE6000-10-0', '204577']",eCon 211145783,2019-04-18,https://rr.fpk.exostar.com/customers/rollsroyce_econ2/econ/low/Export_Control_Folder_LOW/211145783,147511233,147203496,backlog,normal,1,Nacelles
RB3043 BNE6000-10-0 204577,RB3043,"['BNE6000-10-0', '204577']",eCon 211145789,2019-04-18,https://rr.fpk.exostar.com/customers/rollsroyce_econ2/econ/low/Export_Control_Folder_LOW/211145789,147516296,147203496,backlog,normal,1,Nacelles
RB3043 BNE6000-10-0 204577,RB3043,"['BNE6000-10-0', '204577']",eCon 211145903,2019-04-18,https://rr.fpk.exostar.com/customers/rollsroyce_econ2/econ/low/Export_Control_Folder_LOW/211145903,147559496,147203496,backlog,normal,2,Nacelles
RB3043 BNE6000-10-0 204577,RB3043,"['BNE6000-10-0', '204577']",eCon 211145909,2019-04-18,https://rr.fpk.exostar.com/customers/rollsroyce_econ2/econ/low/Export_Control_Folder_LOW/211145909,147559571,147203496,backlog,normal,1,Nacelles
RB3043 BNE6000-10-0 204577,RB3043,"['BNE6000-10-0', '204577']",eCon 211145982,2019-04-18,https://rr.fpk.exostar.com/customers/rollsroyce_econ2/econ/low/Export_Control_Folder_LOW/211145982,147563485,147203496,backlog,normal,1,Nacelles
RB3043 BNE6000-10-0 204577,RB3043,"['BNE6000-10-0', '204577']",eCon 211146119,2019-04-19,https://rr.fpk.exostar.com/customers/rollsroyce_econ2/econ/low/Export_Control_Folder_LOW/211146119,147585194,147203496,backlog,normal,3,Nacelles
RB3043 BNE6000-10-0 204577,RB3043,"['BNE6000-10-0', '204577']",eCon 211146120,2019-04-19,https://rr.fpk.exostar.com/customers/rollsroyce_econ2/econ/low/Export_Control_Folder_LOW/211146120,147584409,147203496,backlog,normal,1,Nacelles
RB3043 BNE6000-10-0 204577,RB3043,"['BNE6000-10-0', '204577']",eCon 211146140,2019-04-19,https://rr.fpk.exostar.com/customers/rollsroyce_econ2/econ/low/Export_Control_Folder_LOW/211146140,147584410,147203496,backlog,normal,1,Nacelles
RB3043 BNE6000-10-0 204577,RB3043,"['BNE6000-10-0', '204577']",eCon 211146162,2019-04-19,https://rr.fpk.exostar.com/customers/rollsroyce_econ2/econ/low/Export_Control_Folder_LOW/211146162,147585196,147203496,backlog,normal,1,Nacelles
RB3043 BNE6000-02-0 204577,RB3043,"['BNE6000-02-0', '204577']",eCon 211146531,2019-04-22,https://rr.fpk.exostar.com/customers/rollsroyce_econ2/econ/low/Export_Control_Folder_LOW/211146531,147643256,147203496,backlog,normal,1,Nacelles
RB3043 BNE6000-02-0 204577,RB3043,"['BNE6000-02-0', '204577']",eCon 211146367,2019-04-22,https://rr.fpk.exostar.com/customers/rollsroyce_econ2/econ/low/Export_Control_Folder_LOW/211146367,147647572,147203496,backlog,normal,2,Nacelles
RB3043 BNE6000-02-0 204577,RB3043,"['BNE6000-02-0', '204577']",eCon 211146369,2019-04-22,https://rr.fpk.exostar.com/customers/rollsroyce_econ2/econ/low/Export_Control_Folder_LOW/211146369,147643255,147203496,backlog,normal,2,Nacelles
RB3043 BNE6000-02-0 204577,RB3043,"['BNE6000-02-0', '204577']",eCon 211146533,2019-04-22,https://rr.fpk.exostar.com/customers/rollsroyce_econ2/econ/low/Export_Control_Folder_LOW/211146533,147650544,147203496,backlog,normal,2,Nacelles
RB3043 BNE6000-02-0 204577,RB3043,"['BNE6000-02-0', '204577']",eCon 211146537,2019-04-22,https://rr.fpk.exostar.com/customers/rollsroyce_econ2/econ/low/Export_Control_Folder_LOW/211146537,147658774,147203496,backlog,normal,2,Nacelles
RB3043 BNE6000-10-0 204577,RB3043,"['BNE6000-10-0', '204577']",eCon 211146685,2019-04-22,https://rr.fpk.exostar.com/customers/rollsroyce_econ2/econ/low/Export_Control_Folder_LOW/211146685,147681888,147203496,backlog,normal,1,Nacelles
RB3043 BNE6000-02-0 204577,RB3043,"['BNE6000-02-0', '204577']",eCon 211146686,2019-04-22,https://rr.fpk.exostar.com/customers/rollsroyce_econ2/econ/low/Export_Control_Folder_LOW/211146686,147684971,147203496,backlog,normal,1,Nacelles
RB3043 BNE6000-10-0 204577,RB3043,"['BNE6000-10-0', '204577']",eCon 211146704,2019-04-22,https://rr.fpk.exostar.com/customers/rollsroyce_econ2/econ/low/Export_Control_Folder_LOW/211146704,147684969,147203496,backlog,normal,1,Nacelles
RB3043 BNE6000-10-0 204577,RB3043,"['BNE6000-10-0', '204577']",eCon 211146741,2019-04-22,https://rr.fpk.exostar.com/customers/rollsroyce_econ2/econ/low/Export_Control_Folder_LOW/211146741,147684970,147203496,backlog,normal,1,Nacelles
RB3043 DKH77849,RB3043,['DKH77849'],eCon 211138342,2019-03-20,https://rr.fpk.exostar.com/customers/rollsroyce_econ2/econ/low/Export_Control_Folder_LOW/211138342,146325644,147190738,backlog,normal,1,AGB
BR700NG KH89022 228062,BR700NG,"['KH89022', '228062']",eCon 211143178,2019-04-09,https://rr.fpk.exostar.com/customers/rollsroyce_econ2/econ/low/Export_Control_Folder_LOW/211143178,147080430,147190716,backlog,normal,1,Structures Cold End
BR700NG LC025-0065-0340 241885,BR700NG,"['LC025-0065-0340', '241885']",eCon 211143351,2019-04-09,https://rr.fpk.exostar.com/customers/rollsroyce_econ2/econ/med/Export_Control_Folder_MED/211143351,147105908,147190683,backlog,normal,10,IGB
BR700NG KH29489 Lot 0049MY 200210,BR700NG,"['KH29489', 'Lot', '0049MY', '200210']",+eCon 211143403_ Aero Comp+,2019-04-09,https://rr.fpk.exostar.com/customers/rollsroyce_econ2/econ/low/Export_Control_Folder_LOW/211143403,147126008,147190735,backlog,normal,7,Child Card (for parallel assessment)
RB3043 DKH77849,RB3043,['DKH77849'],eCon 211138342,2019-03-20,https://rr.fpk.exostar.com/customers/rollsroyce_econ2/econ/low/Export_Control_Folder_LOW/211138342,146325644,147190738,backlog,normal,1,AGB
BR700NG KH89022 228062,BR700NG,"['KH89022', '228062']",eCon 211143178,2019-04-09,https://rr.fpk.exostar.com/customers/rollsroyce_econ2/econ/low/Export_Control_Folder_LOW/211143178,147080430,147190716,backlog,normal,1,Structures Cold End
BR700NG LC025-0065-0340 241885,BR700NG,"['LC025-0065-0340', '241885']",eCon 211143351,2019-04-09,https://rr.fpk.exostar.com/customers/rollsroyce_econ2/econ/med/Export_Control_Folder_MED/211143351,147105908,147190683,backlog,normal,10,IGB
BR700NG KH29489 Lot 0049MY 200210,BR700NG,"['KH29489', 'Lot', '0049MY', '200210']",+eCon 211143403_ Aero Comp+,2019-04-09,https://rr.fpk.exostar.com/customers/rollsroyce_econ2/econ/low/Export_Control_Folder_LOW/211143403,147126008,147190735,backlog,normal,7,Child Card (for parallel assessment)
BR700NG KH87314 - RBSS Assy. - 204091,BR700NG,"['KH87314', '-', 'RBSS', 'Assy.', '-', '204091']",eCon 211146366,2019-04-22,https://rr.fpk.exostar.com/customers/rollsroyce_econ2/econ/low/Export_Control_Folder_LOW/211146366,147643252,147190715,backlog,normal,2,Structures Hot End
BR700NG KH29489 Lot 0049MY 200210,BR700NG,"['KH29489', 'Lot', '0049MY', '200210']",+eCon 211143403_Nacelle Aero+,2019-04-09,https://rr.fpk.exostar.com/customers/rollsroyce_econ2/econ/low/Export_Control_Folder_LOW/211143403,147125258,147190735,backlog,normal,7,Child Card (for parallel assessment)
RB3043 KH68660 242913,RB3043,"['KH68660', '242913']",eDP 211146284,2019-04-19,https://rr.fpk.exostar.com/customers/rollsroyce_econ2/econ/low/Export_Control_Folder_LOW/211146284,147616341,147190716,backlog,normal,1,Structures Cold End
RB3043 KH94827 200210 ESN:  434b2 LD: 18/04 ,RB3043,"['KH94827', '200210', 'ESN:', '', '434b2', 'LD:', '18/04', '']",eCon 211146569,2019-04-18,https://rr.fpk.exostar.com/customers/rollsroyce_econ2/econ/low/Export_Control_Folder_LOW/211146569,147676515,147190715,backlog,critical,1,Structures Hot End
BR700NG KH29489 Lot0064MY 200210 M-S-Aero-Comp-Perf-D-NCA,BR700NG,"['KH29489', 'Lot0064MY', '200210', 'M-S-Aero-Comp-Perf-D-NCA']",+eCon 211144385_Nacelle+,2019-04-12,https://rr.fpk.exostar.com/customers/rollsroyce_econ2/econ/low/Export_Control_Folder_LOW/211144385,147352431,147190735,backlog,normal,8,Child Card (for parallel assessment)
RB3043 BNE6000-10-0 204577,RB3043,"['BNE6000-10-0', '204577']",eCon 211145408,2019-04-17,https://rr.fpk.exostar.com/customers/rollsroyce_econ2/econ/low/Export_Control_Folder_LOW/211145408,147460340,147203496,backlog,normal,1,Nacelles
RB3043 KH95061 200009,RB3043,"['KH95061', '200009']",eCon 211146790,2019-04-23,https://rr.fpk.exostar.com/customers/rollsroyce_econ2/econ/low/Export_Control_Folder_LOW/Forms/AllItems.aspx?RootFolder=%2Fcustomers%2Frollsroyce%5Fecon2%2Fecon%2Flow%2FExport%5FControl%5FFolder%5FLOW%2F211146790&FolderCTID=0x0120001DB6D407C17AF54FB5AEF28,147713513,147211572,backlog,normal,1,Bypass Duct
RB3043 BNE6000-10-0 204577,RB3043,"['BNE6000-10-0', '204577']",eCon 211145442,2019-04-17,https://rr.fpk.exostar.com/customers/rollsroyce_econ2/econ/low/Export_Control_Folder_LOW/211145442,147460387,147203496,backlog,normal,1,Nacelles
RB3043 BNE6000-10-0 204577,RB3043,"['BNE6000-10-0', '204577']",eCon 211145452,2019-04-17,https://rr.fpk.exostar.com/customers/rollsroyce_econ2/econ/low/Export_Control_Folder_LOW/211145452,147460390,147203496,backlog,normal,1,Nacelles
RB3043 BNE6000-10-0 204577,RB3043,"['BNE6000-10-0', '204577']",eCon 211145447,2019-04-17,https://rr.fpk.exostar.com/customers/rollsroyce_econ2/econ/low/Export_Control_Folder_LOW/211145447,147463700,147203496,backlog,normal,1,Nacelles
RB3043 BNE6000-10-0 204577,RB3043,"['BNE6000-10-0', '204577']",eCon 211145783,2019-04-18,https://rr.fpk.exostar.com/customers/rollsroyce_econ2/econ/low/Export_Control_Folder_LOW/211145783,147511233,147203496,backlog,normal,1,Nacelles
RB3043 BNE6000-10-0 204577,RB3043,"['BNE6000-10-0', '204577']",eCon 211145789,2019-04-18,https://rr.fpk.exostar.com/customers/rollsroyce_econ2/econ/low/Export_Control_Folder_LOW/211145789,147516296,147203496,backlog,normal,1,Nacelles
RB3043 BNE6000-10-0 204577,RB3043,"['BNE6000-10-0', '204577']",eCon 211145903,2019-04-18,https://rr.fpk.exostar.com/customers/rollsroyce_econ2/econ/low/Export_Control_Folder_LOW/211145903,147559496,147203496,backlog,normal,2,Nacelles
RB3043 BNE6000-10-0 204577,RB3043,"['BNE6000-10-0', '204577']",eCon 211145909,2019-04-18,https://rr.fpk.exostar.com/customers/rollsroyce_econ2/econ/low/Export_Control_Folder_LOW/211145909,147559571,147203496,backlog,normal,1,Nacelles
RB3043 BNE6000-10-0 204577,RB3043,"['BNE6000-10-0', '204577']",eCon 211145982,2019-04-18,https://rr.fpk.exostar.com/customers/rollsroyce_econ2/econ/low/Export_Control_Folder_LOW/211145982,147563485,147203496,backlog,normal,1,Nacelles
RB3043 BNE6000-10-0 204577,RB3043,"['BNE6000-10-0', '204577']",eCon 211146119,2019-04-19,https://rr.fpk.exostar.com/customers/rollsroyce_econ2/econ/low/Export_Control_Folder_LOW/211146119,147585194,147203496,backlog,normal,3,Nacelles
RB3043 BNE6000-10-0 204577,RB3043,"['BNE6000-10-0', '204577']",eCon 211146120,2019-04-19,https://rr.fpk.exostar.com/customers/rollsroyce_econ2/econ/low/Export_Control_Folder_LOW/211146120,147584409,147203496,backlog,normal,1,Nacelles
RB3043 BNE6000-10-0 204577,RB3043,"['BNE6000-10-0', '204577']",eCon 211146140,2019-04-19,https://rr.fpk.exostar.com/customers/rollsroyce_econ2/econ/low/Export_Control_Folder_LOW/211146140,147584410,147203496,backlog,normal,1,Nacelles
RB3043 BNE6000-10-0 204577,RB3043,"['BNE6000-10-0', '204577']",eCon 211146162,2019-04-19,https://rr.fpk.exostar.com/customers/rollsroyce_econ2/econ/low/Export_Control_Folder_LOW/211146162,147585196,147203496,backlog,normal,1,Nacelles
RB3043 BNE6000-02-0 204577,RB3043,"['BNE6000-02-0', '204577']",eCon 211146531,2019-04-22,https://rr.fpk.exostar.com/customers/rollsroyce_econ2/econ/low/Export_Control_Folder_LOW/211146531,147643256,147203496,backlog,normal,1,Nacelles
RB3043 BNE6000-02-0 204577,RB3043,"['BNE6000-02-0', '204577']",eCon 211146367,2019-04-22,https://rr.fpk.exostar.com/customers/rollsroyce_econ2/econ/low/Export_Control_Folder_LOW/211146367,147647572,147203496,backlog,normal,2,Nacelles
RB3043 BNE6000-02-0 204577,RB3043,"['BNE6000-02-0', '204577']",eCon 211146369,2019-04-22,https://rr.fpk.exostar.com/customers/rollsroyce_econ2/econ/low/Export_Control_Folder_LOW/211146369,147643255,147203496,backlog,normal,2,Nacelles
RB3043 BNE6000-02-0 204577,RB3043,"['BNE6000-02-0', '204577']",eCon 211146533,2019-04-22,https://rr.fpk.exostar.com/customers/rollsroyce_econ2/econ/low/Export_Control_Folder_LOW/211146533,147650544,147203496,backlog,normal,2,Nacelles
RB3043 BNE6000-02-0 204577,RB3043,"['BNE6000-02-0', '204577']",eCon 211146537,2019-04-22,https://rr.fpk.exostar.com/customers/rollsroyce_econ2/econ/low/Export_Control_Folder_LOW/211146537,147658774,147203496,backlog,normal,2,Nacelles
RB3043 BNE6000-10-0 204577,RB3043,"['BNE6000-10-0', '204577']",eCon 211146685,2019-04-22,https://rr.fpk.exostar.com/customers/rollsroyce_econ2/econ/low/Export_Control_Folder_LOW/211146685,147681888,147203496,backlog,normal,1,Nacelles
RB3043 BNE6000-02-0 204577,RB3043,"['BNE6000-02-0', '204577']",eCon 211146686,2019-04-22,https://rr.fpk.exostar.com/customers/rollsroyce_econ2/econ/low/Export_Control_Folder_LOW/211146686,147684971,147203496,backlog,normal,1,Nacelles
RB3043 BNE6000-10-0 204577,RB3043,"['BNE6000-10-0', '204577']",eCon 211146704,2019-04-22,https://rr.fpk.exostar.com/customers/rollsroyce_econ2/econ/low/Export_Control_Folder_LOW/211146704,147684969,147203496,backlog,normal,1,Nacelles
RB3043 BNE6000-10-0 204577,RB3043,"['BNE6000-10-0', '204577']",eCon 211146741,2019-04-22,https://rr.fpk.exostar.com/customers/rollsroyce_econ2/econ/low/Export_Control_Folder_LOW/211146741,147684970,147203496,backlog,normal,1,Nacelles
RB3043 DKH77849,RB3043,['DKH77849'],eCon 211138342,2019-03-20,https://rr.fpk.exostar.com/customers/rollsroyce_econ2/econ/low/Export_Control_Folder_LOW/211138342,146325644,147190738,backlog,normal,1,AGB
BR700NG KH89022 228062,BR700NG,"['KH89022', '228062']",eCon 211143178,2019-04-09,https://rr.fpk.exostar.com/customers/rollsroyce_econ2/econ/low/Export_Control_Folder_LOW/211143178,147080430,147190716,backlog,normal,1,Structures Cold End
BR700NG LC025-0065-0340 241885,BR700NG,"['LC025-0065-0340', '241885']",eCon 211143351,2019-04-09,https://rr.fpk.exostar.com/customers/rollsroyce_econ2/econ/med/Export_Control_Folder_MED/211143351,147105908,147190683,backlog,normal,10,IGB
BR700NG KH29489 Lot 0049MY 200210,BR700NG,"['KH29489', 'Lot', '0049MY', '200210']",+eCon 211143403_ Aero Comp+,2019-04-09,https://rr.fpk.exostar.com/customers/rollsroyce_econ2/econ/low/Export_Control_Folder_LOW/211143403,147126008,147190735,backlog,normal,7,Child Card (for parallel assessment)
BR700NG KH87314 - RBSS Assy. - 204091,BR700NG,"['KH87314', '-', 'RBSS', 'Assy.', '-', '204091']",eCon 211146366,2019-04-22,https://rr.fpk.exostar.com/customers/rollsroyce_econ2/econ/low/Export_Control_Folder_LOW/211146366,147643252,147190715,backlog,normal,2,Structures Hot End
RB3043 KH68660 242913,RB3043,"['KH68660', '242913']",eDP 211146284,2019-04-19,https://rr.fpk.exostar.com/customers/rollsroyce_econ2/econ/low/Export_Control_Folder_LOW/211146284,147616341,147190716,backlog,normal,1,Structures Cold End
RB3043 KH94827 200210 ESN:  434b2 LD: 18/04 ,RB3043,"['KH94827', '200210', 'ESN:', '', '434b2', 'LD:', '18/04', '']",eCon 211146569,2019-04-18,https://rr.fpk.exostar.com/customers/rollsroyce_econ2/econ/low/Export_Control_Folder_LOW/211146569,147676515,147190715,backlog,critical,1,Structures Hot End
RB3043 DKH77849,RB3043,['DKH77849'],eCon 211138342,2019-03-20,https://rr.fpk.exostar.com/customers/rollsroyce_econ2/econ/low/Export_Control_Folder_LOW/211138342,146325644,147190738,backlog,normal,1,AGB
BR700NG KH89022 228062,BR700NG,"['KH89022', '228062']",eCon 211143178,2019-04-09,https://rr.fpk.exostar.com/customers/rollsroyce_econ2/econ/low/Export_Control_Folder_LOW/211143178,147080430,147190716,backlog,normal,1,Structures Cold End
BR700NG LC025-0065-0340 241885,BR700NG,"['LC025-0065-0340', '241885']",eCon 211143351,2019-04-09,https://rr.fpk.exostar.com/customers/rollsroyce_econ2/econ/med/Export_Control_Folder_MED/211143351,147105908,147190683,backlog,normal,10,IGB
BR700NG KH87314 - RBSS Assy. - 204091,BR700NG,"['KH87314', '-', 'RBSS', 'Assy.', '-', '204091']",eCon 211146366,2019-04-22,https://rr.fpk.exostar.com/customers/rollsroyce_econ2/econ/low/Export_Control_Folder_LOW/211146366,147643252,147190715,backlog,normal,2,Structures Hot End
RB3043 KH68660 242913,RB3043,"['KH68660', '242913']",eDP 211146284,2019-04-19,https://rr.fpk.exostar.com/customers/rollsroyce_econ2/econ/low/Export_Control_Folder_LOW/211146284,147616341,147190716,backlog,normal,1,Structures Cold End
RB3043 DKH77849,RB3043,['DKH77849'],eCon 211138342,2019-03-20,https://rr.fpk.exostar.com/customers/rollsroyce_econ2/econ/low/Export_Control_Folder_LOW/211138342,146325644,147190738,backlog,normal,1,AGB
BR700NG KH89022 228062,BR700NG,"['KH89022', '228062']",eCon 211143178,2019-04-09,https://rr.fpk.exostar.com/customers/rollsroyce_econ2/econ/low/Export_Control_Folder_LOW/211143178,147080430,147190716,backlog,normal,1,Structures Cold End
BR700NG LC025-0065-0340 241885,BR700NG,"['LC025-0065-0340', '241885']",eCon 211143351,2019-04-09,https://rr.fpk.exostar.com/customers/rollsroyce_econ2/econ/med/Export_Control_Folder_MED/211143351,147105908,147190683,backlog,normal,10,IGB
BR700NG KH87314 - RBSS Assy. - 204091,BR700NG,"['KH87314', '-', 'RBSS', 'Assy.', '-', '204091']",eCon 211146366,2019-04-22,https://rr.fpk.exostar.com/customers/rollsroyce_econ2/econ/low/Export_Control_Folder_LOW/211146366,147643252,147190715,backlog,normal,2,Structures Hot End
RB3043 DKH77849,RB3043,['DKH77849'],eCon 211138342,2019-03-20,https://rr.fpk.exostar.com/customers/rollsroyce_econ2/econ/low/Export_Control_Folder_LOW/211138342,146325644,147190738,backlog,normal,1,AGB
BR700NG LC025-0065-0340 241885,BR700NG,"['LC025-0065-0340', '241885']",eCon 211143351,2019-04-09,https://rr.fpk.exostar.com/customers/rollsroyce_econ2/econ/med/Export_Control_Folder_MED/211143351,147105908,147190683,backlog,normal,10,IGB
BR700NG KH87314 - RBSS Assy. - 204091,BR700NG,"['KH87314', '-', 'RBSS', 'Assy.', '-', '204091']",eCon 211146366,2019-04-22,https://rr.fpk.exostar.com/customers/rollsroyce_econ2/econ/low/Export_Control_Folder_LOW/211146366,147643252,147190715,backlog,normal,2,Structures Hot End
RB3043 DKH77849,RB3043,['DKH77849'],eCon 211138342,2019-03-20,https://rr.fpk.exostar.com/customers/rollsroyce_econ2/econ/low/Export_Control_Folder_LOW/211138342,146325644,147190738,backlog,normal,1,AGB
BR700NG LC025-0065-0340 241885,BR700NG,"['LC025-0065-0340', '241885']",eCon 211143351,2019-04-09,https://rr.fpk.exostar.com/customers/rollsroyce_econ2/econ/med/Export_Control_Folder_MED/211143351,147105908,147190683,backlog,normal,10,IGB
RB3043 DKH77849,RB3043,['DKH77849'],eCon 211138342,2019-03-20,https://rr.fpk.exostar.com/customers/rollsroyce_econ2/econ/low/Export_Control_Folder_LOW/211138342,146325644,147190738,backlog,normal,1,AGB
BR700NG KH89022 228062,BR700NG,"['KH89022', '228062']",eCon 211143178,2019-04-09,https://rr.fpk.exostar.com/customers/rollsroyce_econ2/econ/low/Export_Control_Folder_LOW/211143178,147080430,147190716,backlog,normal,1,Structures Cold End
BR700NG LC025-0065-0340 241885,BR700NG,"['LC025-0065-0340', '241885']",eCon 211143351,2019-04-09,https://rr.fpk.exostar.com/customers/rollsroyce_econ2/econ/med/Export_Control_Folder_MED/211143351,147105908,147190683,backlog,normal,10,IGB
RB3043 DKH77849,RB3043,['DKH77849'],eCon 211138342,2019-03-20,https://rr.fpk.exostar.com/customers/rollsroyce_econ2/econ/low/Export_Control_Folder_LOW/211138342,146325644,147190738,backlog,normal,1,AGB
